-- -------------------------------------------------------------
-- TablePlus 3.10.0(348)
--
-- https://tableplus.com/
--
-- Database: Liga_MX
-- Generation Time: 2020-12-04 01:20:16.5590
-- -------------------------------------------------------------


/*!40101 SET @OLD_CHARACTER_SET_CLIENT=@@CHARACTER_SET_CLIENT */;
/*!40101 SET @OLD_CHARACTER_SET_RESULTS=@@CHARACTER_SET_RESULTS */;
/*!40101 SET @OLD_COLLATION_CONNECTION=@@COLLATION_CONNECTION */;
/*!40101 SET NAMES utf8 */;
/*!40014 SET @OLD_UNIQUE_CHECKS=@@UNIQUE_CHECKS, UNIQUE_CHECKS=0 */;
/*!40014 SET @OLD_FOREIGN_KEY_CHECKS=@@FOREIGN_KEY_CHECKS, FOREIGN_KEY_CHECKS=0 */;
/*!40101 SET @OLD_SQL_MODE=@@SQL_MODE, SQL_MODE='NO_AUTO_VALUE_ON_ZERO' */;
/*!40111 SET @OLD_SQL_NOTES=@@SQL_NOTES, SQL_NOTES=0 */;


CREATE TABLE `alineacion` (
  `idalineacion` int(11) NOT NULL,
  `id_partido_fk` int(11) DEFAULT NULL,
  `id_jugadoratemporada_fk` int(11) DEFAULT NULL,
  PRIMARY KEY (`idalineacion`),
  KEY `id_partido_al_fk` (`id_partido_fk`),
  KEY `id_jugadoratemporada_fk` (`id_jugadoratemporada_fk`),
  CONSTRAINT `id_jugadoratemporada_al_fk` FOREIGN KEY (`id_jugadoratemporada_fk`) REFERENCES `jugadora_temporada` (`idjugadora_temporada`),
  CONSTRAINT `id_partido_al_fk` FOREIGN KEY (`id_partido_fk`) REFERENCES `partido` (`idpartido`) ON DELETE NO ACTION ON UPDATE NO ACTION
) ENGINE=InnoDB DEFAULT CHARSET=utf8;

CREATE TABLE `articulo` (
  `idarticulo` int(11) NOT NULL,
  `id_tipodearticulo_fk` int(11) DEFAULT NULL,
  `cantidad` int(11) DEFAULT NULL,
  `id_tienda_fk` int(11) DEFAULT NULL,
  PRIMARY KEY (`idarticulo`),
  KEY `id_tienda_fk_idx` (`id_tienda_fk`),
  KEY `id_tipoarticulo_fk_idx` (`id_tipodearticulo_fk`),
  CONSTRAINT `id_tiendaa_fk` FOREIGN KEY (`id_tienda_fk`) REFERENCES `tienda` (`idtienda`) ON DELETE NO ACTION ON UPDATE NO ACTION,
  CONSTRAINT `id_tipoarticuloa_fk` FOREIGN KEY (`id_tipodearticulo_fk`) REFERENCES `tipo_articulo` (`idtipo_articulo`) ON DELETE NO ACTION ON UPDATE NO ACTION
) ENGINE=InnoDB DEFAULT CHARSET=utf8;

CREATE TABLE `cambios` (
  `idcambios` int(11) NOT NULL,
  `id_partido_fk` int(11) DEFAULT NULL,
  `id_jugadora_entra_fk` int(11) DEFAULT NULL,
  `id_jugadora_sale_fk` int(11) DEFAULT NULL,
  `minutos` int(11) DEFAULT NULL,
  `tiempo` int(11) DEFAULT NULL,
  PRIMARY KEY (`idcambios`),
  KEY `id_partido_ca_fk` (`id_partido_fk`),
  KEY `id_jugadoraentra_fk_idx` (`id_jugadora_entra_fk`),
  KEY `id_jugadorasale_fk_idx` (`id_jugadora_sale_fk`),
  CONSTRAINT `id_jugadoraentra_a_fk` FOREIGN KEY (`id_jugadora_entra_fk`) REFERENCES `jugadora_temporada` (`idjugadora_temporada`) ON DELETE NO ACTION ON UPDATE NO ACTION,
  CONSTRAINT `id_jugadorasale_a_fk` FOREIGN KEY (`id_jugadora_sale_fk`) REFERENCES `jugadora_temporada` (`idjugadora_temporada`) ON DELETE NO ACTION ON UPDATE NO ACTION,
  CONSTRAINT `id_partido_a_fk` FOREIGN KEY (`id_partido_fk`) REFERENCES `partido` (`idpartido`) ON DELETE NO ACTION ON UPDATE NO ACTION
) ENGINE=InnoDB DEFAULT CHARSET=utf8;

CREATE TABLE `ciudad` (
  `idciudad` int(11) NOT NULL,
  `nombre` varchar(45) DEFAULT NULL,
  `id_estado_fk` int(11) DEFAULT NULL,
  PRIMARY KEY (`idciudad`),
  KEY `ciudad_idx` (`id_estado_fk`),
  CONSTRAINT `ciudad` FOREIGN KEY (`id_estado_fk`) REFERENCES `estado` (`idestado`) ON DELETE NO ACTION ON UPDATE NO ACTION
) ENGINE=InnoDB DEFAULT CHARSET=utf8;

CREATE TABLE `cp` (
  `idcp` int(11) NOT NULL,
  `codigo` varchar(6) DEFAULT NULL,
  PRIMARY KEY (`idcp`)
) ENGINE=InnoDB DEFAULT CHARSET=utf8;



CREATE TABLE `direccion` (
  `iddireccion` int(11) NOT NULL,
  `calle` varchar(45) DEFAULT NULL,
  `numero` varchar(5) DEFAULT NULL,
  `id_cp_fk` int(11) DEFAULT NULL,
  `id_ciudad_fk` int(11) DEFAULT NULL,
  PRIMARY KEY (`iddireccion`),
  KEY `id_cp_fk_idx` (`id_cp_fk`),
  KEY `id_ciudad_fk_idx` (`id_ciudad_fk`),
  CONSTRAINT `id_ciudad_fk` FOREIGN KEY (`id_ciudad_fk`) REFERENCES `ciudad` (`idciudad`) ON DELETE NO ACTION ON UPDATE NO ACTION,
  CONSTRAINT `id_cp_fk` FOREIGN KEY (`id_cp_fk`) REFERENCES `cp` (`idcp`) ON DELETE NO ACTION ON UPDATE NO ACTION
) ENGINE=InnoDB DEFAULT CHARSET=utf8;

CREATE TABLE `equipo` (
  `idequipo` int(11) NOT NULL,
  `nombre` varchar(45) DEFAULT NULL,
  `razon_social` varchar(45) DEFAULT NULL,
  `id_direccion_fk` int(11) DEFAULT NULL,
  `id_estadio_fk` int(11) DEFAULT NULL,
  `id_entrenadorpersona_fk` int(11) DEFAULT NULL,
  PRIMARY KEY (`idequipo`),
  KEY `id_direccion_fk_idx` (`id_direccion_fk`),
  KEY `id_entrenadorpersona_fk_idx` (`id_entrenadorpersona_fk`),
  KEY `id_estadio_fk_idx` (`id_estadio_fk`),
  CONSTRAINT `id_direccion_fk` FOREIGN KEY (`id_direccion_fk`) REFERENCES `direccion` (`iddireccion`) ON DELETE NO ACTION ON UPDATE NO ACTION,
  CONSTRAINT `id_entrenadorpersona_fk` FOREIGN KEY (`id_entrenadorpersona_fk`) REFERENCES `usuario` (`idusuario`) ON DELETE NO ACTION ON UPDATE NO ACTION,
  CONSTRAINT `id_estadio_fk` FOREIGN KEY (`id_estadio_fk`) REFERENCES `estadio` (`idestado`) ON DELETE NO ACTION ON UPDATE NO ACTION
) ENGINE=InnoDB DEFAULT CHARSET=utf8;

CREATE TABLE `estadio` (
  `idestado` int(11) NOT NULL,
  `nombre` varchar(45) DEFAULT NULL,
  `id_direccion_fk` int(11) DEFAULT NULL,
  PRIMARY KEY (`idestado`),
  KEY `direccion_idx` (`id_direccion_fk`),
  CONSTRAINT `direccion` FOREIGN KEY (`id_direccion_fk`) REFERENCES `direccion` (`iddireccion`) ON DELETE NO ACTION ON UPDATE NO ACTION
) ENGINE=InnoDB DEFAULT CHARSET=utf8;

CREATE TABLE `estado` (
  `idestado` int(11) NOT NULL,
  `nombre` varchar(45) DEFAULT NULL,
  `siglas` varchar(4) DEFAULT NULL,
  PRIMARY KEY (`idestado`)
) ENGINE=InnoDB DEFAULT CHARSET=utf8;

CREATE TABLE `falta` (
  `idfalta` int(11) NOT NULL,
  `id_partido_fk` int(11) DEFAULT NULL,
  `id_jugadora_tem_fk` int(11) DEFAULT NULL,
  `tarjeta_amarilla` binary(2) DEFAULT NULL,
  `tarjeta_roja` binary(2) DEFAULT NULL,
  PRIMARY KEY (`idfalta`),
  KEY `id_jugadoratem_falta_fk` (`id_jugadora_tem_fk`),
  KEY `id_partido_fk` (`id_partido_fk`),
  CONSTRAINT `id_jugadoratem_falta_fk` FOREIGN KEY (`id_jugadora_tem_fk`) REFERENCES `jugadora_temporada` (`idjugadora_temporada`) ON DELETE NO ACTION ON UPDATE NO ACTION,
  CONSTRAINT `id_partidom_fk` FOREIGN KEY (`id_partido_fk`) REFERENCES `partido` (`idpartido`) ON DELETE NO ACTION ON UPDATE NO ACTION
) ENGINE=InnoDB DEFAULT CHARSET=utf8;

CREATE TABLE `gol` (
  `idgol` int(11) NOT NULL,
  `id_partido_fk` int(11) DEFAULT NULL,
  `id_jugadora_tem_fk` int(11) DEFAULT NULL,
  `minuto` int(11) DEFAULT NULL,
  PRIMARY KEY (`idgol`),
  KEY `id_partido_fk_idx` (`id_partido_fk`),
  KEY `id_jugadoratemp_fk_idx` (`id_jugadora_tem_fk`),
  CONSTRAINT `id_jugadoratemp_fk` FOREIGN KEY (`id_jugadora_tem_fk`) REFERENCES `jugadora_temporada` (`idjugadora_temporada`) ON DELETE NO ACTION ON UPDATE NO ACTION,
  CONSTRAINT `id_partido_fk` FOREIGN KEY (`id_partido_fk`) REFERENCES `partido` (`idpartido`) ON DELETE NO ACTION ON UPDATE NO ACTION
) ENGINE=InnoDB DEFAULT CHARSET=utf8;

CREATE TABLE `jugadora` (
  `idjugadora` int(11) NOT NULL,
  `nombre` varchar(45) DEFAULT NULL,
  `numero` int(11) DEFAULT NULL,
  `estatura` int(11) DEFAULT NULL,
  `nacionalidad` varchar(45) DEFAULT NULL,
  `posicion` varchar(45) DEFAULT NULL,
  PRIMARY KEY (`idjugadora`)
) ENGINE=InnoDB DEFAULT CHARSET=utf8;

CREATE TABLE `jugadora_temporada` (
  `idjugadora_temporada` int(11) NOT NULL,
  `id_jugadora_fk` int(11) DEFAULT NULL,
  `id_temporada_fk` int(11) DEFAULT NULL,
  `id_equipo_fk` int(11) DEFAULT NULL,
  PRIMARY KEY (`idjugadora_temporada`),
  KEY `id_jugadora_fk` (`id_jugadora_fk`),
  KEY `id_temporada_fk` (`id_temporada_fk`),
  KEY `id_equipotem_fk` (`id_equipo_fk`),
  CONSTRAINT `id_equipotem_fk` FOREIGN KEY (`id_equipo_fk`) REFERENCES `equipo` (`idequipo`) ON DELETE NO ACTION ON UPDATE NO ACTION,
  CONSTRAINT `id_jugadora_fk` FOREIGN KEY (`id_jugadora_fk`) REFERENCES `jugadora` (`idjugadora`) ON DELETE NO ACTION ON UPDATE NO ACTION,
  CONSTRAINT `id_temporada_fk` FOREIGN KEY (`id_temporada_fk`) REFERENCES `temporada` (`idtemporada`) ON DELETE NO ACTION ON UPDATE NO ACTION
) ENGINE=InnoDB DEFAULT CHARSET=utf8;



CREATE TABLE `lista_medios` (
  `idlista_medios` int(11) NOT NULL,
  `id_medio_fk` int(11) DEFAULT NULL,
  `id_equipo_fk` int(11) DEFAULT NULL,
  PRIMARY KEY (`idlista_medios`),
  KEY `id_medio_fk_idx` (`id_medio_fk`),
  KEY `id_equipo_fk_idx` (`id_equipo_fk`),
  CONSTRAINT `id_equipo_rel_fk` FOREIGN KEY (`id_equipo_fk`) REFERENCES `equipo` (`idequipo`) ON DELETE NO ACTION ON UPDATE NO ACTION,
  CONSTRAINT `id_medio_el_fk` FOREIGN KEY (`id_medio_fk`) REFERENCES `medio` (`idmedio`) ON DELETE NO ACTION ON UPDATE NO ACTION
) ENGINE=InnoDB DEFAULT CHARSET=utf8;





CREATE TABLE `medio` (
  `idmedio` int(11) NOT NULL,
  `nombre` varchar(45) DEFAULT NULL,
  `id_tipomedio_fk` int(11) DEFAULT NULL,
  PRIMARY KEY (`idmedio`),
  KEY `id_tipomedio_fk_idx` (`id_tipomedio_fk`),
  CONSTRAINT `id_tipomedio_fk` FOREIGN KEY (`id_tipomedio_fk`) REFERENCES `tipo_medio` (`idtipo_medio`) ON DELETE NO ACTION ON UPDATE NO ACTION
) ENGINE=InnoDB DEFAULT CHARSET=utf8;

CREATE TABLE `partido` (
  `idpartido` int(11) NOT NULL,
  `id_temporada_fk` int(11) NOT NULL,
  `jornada` int(11) DEFAULT NULL,
  `id_equipo_local` int(11) DEFAULT NULL,
  `id_equipo_visita` int(11) DEFAULT NULL,
  `hora` time DEFAULT NULL,
  `id_arbitrousuario_fk` int(11) DEFAULT NULL,
  `espectadores` int(11) DEFAULT NULL,
  `goles_local` int(11) DEFAULT NULL,
  `goles_visita` int(11) DEFAULT NULL,
  PRIMARY KEY (`idpartido`),
  KEY `id_temporadafk_idx` (`id_temporada_fk`),
  KEY `id_local_fk_idx` (`id_equipo_local`),
  KEY `id_visita_fk_idx` (`id_equipo_visita`),
  KEY `id_arbitro_fk_idx` (`id_arbitrousuario_fk`),
  CONSTRAINT `id_arbitro_fk` FOREIGN KEY (`id_arbitrousuario_fk`) REFERENCES `usuario` (`idusuario`) ON DELETE NO ACTION ON UPDATE NO ACTION,
  CONSTRAINT `id_local_fk` FOREIGN KEY (`id_equipo_local`) REFERENCES `equipo` (`idequipo`) ON DELETE NO ACTION ON UPDATE NO ACTION,
  CONSTRAINT `id_temporadafk` FOREIGN KEY (`id_temporada_fk`) REFERENCES `temporada` (`idtemporada`) ON DELETE NO ACTION ON UPDATE NO ACTION,
  CONSTRAINT `id_visita_fk` FOREIGN KEY (`id_equipo_visita`) REFERENCES `equipo` (`idequipo`) ON DELETE NO ACTION ON UPDATE NO ACTION
) ENGINE=InnoDB DEFAULT CHARSET=utf8;



CREATE TABLE `pos_tabla_general` (
  `id_pos` int(11) NOT NULL,
  `id_equipo_fk` int(11) NOT NULL,
  `goles_favor` int(11) DEFAULT NULL,
  `goles_contra` int(11) DEFAULT NULL,
  `puntos` int(11) DEFAULT NULL,
  PRIMARY KEY (`id_pos`),
  KEY `id_equipo_fk_idx` (`id_equipo_fk`),
  CONSTRAINT `id_equipof_fk` FOREIGN KEY (`id_equipo_fk`) REFERENCES `equipo` (`idequipo`) ON DELETE NO ACTION ON UPDATE NO ACTION
) ENGINE=InnoDB DEFAULT CHARSET=utf8;

CREATE TABLE `radio` (
  `idradio` int(11) NOT NULL,
  `id_medio_fk` int(11) DEFAULT NULL,
  `frecuencia` varchar(45) DEFAULT NULL,
  PRIMARY KEY (`idradio`),
  KEY `id_medio_fk_idx` (`id_medio_fk`),
  CONSTRAINT `id_medio_fk` FOREIGN KEY (`id_medio_fk`) REFERENCES `medio` (`idmedio`) ON DELETE NO ACTION ON UPDATE NO ACTION
) ENGINE=InnoDB DEFAULT CHARSET=utf8;

CREATE TABLE `red_social` (
  `idred_social` int(11) NOT NULL,
  `id_equipo_fk` int(11) DEFAULT NULL,
  `id_tipodered_fk` int(11) DEFAULT NULL,
  `url` varchar(45) DEFAULT NULL,
  PRIMARY KEY (`idred_social`),
  KEY `id_equipo_fk_idx` (`id_equipo_fk`),
  KEY `id_tipored_fk_idx` (`id_tipodered_fk`),
  CONSTRAINT `id_equipo_fk` FOREIGN KEY (`id_equipo_fk`) REFERENCES `equipo` (`idequipo`) ON DELETE NO ACTION ON UPDATE NO ACTION,
  CONSTRAINT `id_tipored_fk` FOREIGN KEY (`id_tipodered_fk`) REFERENCES `tipo_red` (`idtipo_red`) ON DELETE NO ACTION ON UPDATE NO ACTION
) ENGINE=InnoDB DEFAULT CHARSET=utf8;

CREATE TABLE `television` (
  `idtelevision` int(11) NOT NULL,
  `id_medio_fk` int(11) DEFAULT NULL,
  `canal` int(11) DEFAULT NULL,
  `privado` binary(2) DEFAULT NULL,
  PRIMARY KEY (`idtelevision`),
  KEY `id_medio_fk_idx` (`id_medio_fk`),
  CONSTRAINT `id_medio_c_fk` FOREIGN KEY (`id_medio_fk`) REFERENCES `medio` (`idmedio`) ON DELETE NO ACTION ON UPDATE NO ACTION
) ENGINE=InnoDB DEFAULT CHARSET=utf8;

CREATE TABLE `temporada` (
  `idtemporada` int(11) NOT NULL,
  `nombre` varchar(45) DEFAULT NULL,
  `fecha_inicio` date DEFAULT NULL,
  `fecha_fin` date DEFAULT NULL,
  PRIMARY KEY (`idtemporada`)
) ENGINE=InnoDB DEFAULT CHARSET=utf8;

CREATE TABLE `tienda` (
  `idtienda` int(11) NOT NULL,
  `id_equipo_fk` int(11) NOT NULL,
  `id_direccion_fk` int(11) DEFAULT NULL,
  PRIMARY KEY (`idtienda`),
  KEY `id_equipo_fk_idx` (`id_equipo_fk`),
  KEY `id_direccion_fk_idx` (`id_direccion_fk`),
  CONSTRAINT `id_direcciont_fk` FOREIGN KEY (`id_direccion_fk`) REFERENCES `direccion` (`iddireccion`) ON DELETE NO ACTION ON UPDATE NO ACTION,
  CONSTRAINT `id_equipot_fk` FOREIGN KEY (`id_equipo_fk`) REFERENCES `equipo` (`idequipo`) ON DELETE NO ACTION ON UPDATE NO ACTION
) ENGINE=InnoDB DEFAULT CHARSET=utf8;

CREATE TABLE `tipo_articulo` (
  `idtipo_articulo` int(11) NOT NULL,
  `nombre` varchar(45) DEFAULT NULL,
  PRIMARY KEY (`idtipo_articulo`)
) ENGINE=InnoDB DEFAULT CHARSET=utf8;

CREATE TABLE `tipo_medio` (
  `idtipo_medio` int(11) NOT NULL,
  `nombre` varchar(45) DEFAULT NULL,
  PRIMARY KEY (`idtipo_medio`)
) ENGINE=InnoDB DEFAULT CHARSET=utf8;

CREATE TABLE `tipo_red` (
  `idtipo_red` int(11) NOT NULL,
  `nombre` varchar(45) DEFAULT NULL,
  `url` varchar(45) DEFAULT NULL,
  PRIMARY KEY (`idtipo_red`)
) ENGINE=InnoDB DEFAULT CHARSET=utf8;

CREATE TABLE `tipo_usuario` (
  `id_tipousuario` int(11) NOT NULL,
  `tipo` varchar(45) DEFAULT NULL,
  PRIMARY KEY (`id_tipousuario`)
) ENGINE=InnoDB DEFAULT CHARSET=utf8;

CREATE TABLE `usuario` (
  `idusuario` int(11) NOT NULL,
  `nombre` varchar(45) DEFAULT NULL,
  `apellido_paterno` varchar(45) DEFAULT NULL,
  `apellido_materno` varchar(45) DEFAULT NULL,
  `fecha_nacimiento` date DEFAULT NULL,
  `id_tipousuario_fk` int(11) DEFAULT NULL,
  PRIMARY KEY (`idusuario`),
  KEY `id_tipousuario_fk_idx` (`id_tipousuario_fk`),
  CONSTRAINT `id_tipousuario_fk` FOREIGN KEY (`id_tipousuario_fk`) REFERENCES `tipo_usuario` (`id_tipousuario`) ON DELETE NO ACTION ON UPDATE NO ACTION
) ENGINE=InnoDB DEFAULT CHARSET=utf8;



INSERT INTO `articulo` (`idarticulo`, `id_tipodearticulo_fk`, `cantidad`, `id_tienda_fk`) VALUES
('1', '1', '13', '1'),
('2', '1', '9', '2'),
('3', '2', '4', '1'),
('4', '1', '34', '3'),
('5', '3', '1', '3'),
('6', '4', '14', '1'),
('7', '5', '12', '2');

INSERT INTO `ciudad` (`idciudad`, `nombre`, `id_estado_fk`) VALUES
('1', 'Ciudad de México', '1'),
('2', 'Hidalgo', '2'),
('3', 'Monterrey', '3'),
('4', 'Toluca', '4'),
('5', 'Guadalajara', '5'),
('6', 'Mazatlán', '6'),
('7', 'León', '7'),
('8', 'Tijuana', '8'),
('9', 'Santiago de Querétaro', '9'),
('10', 'Aguascalientes', '10'),
('11', 'Torreón', '11'),
('12', 'Puebla', '12'),
('13', 'Ciudad Juárez', '13'),
('14', 'San Luis Potosí', '14');

INSERT INTO `cp` (`idcp`, `codigo`) VALUES
('1', '3642'),
('2', '6226'),
('3', '2891'),
('4', '6120'),
('5', '8049'),
('6', '7265'),
('7', '2261'),
('8', '7152'),
('9', '7651'),
('10', '1010'),
('11', '3049'),
('12', '1360'),
('13', '7968'),
('14', '6154'),
('15', '5937'),
('16', '5336'),
('17', '6045'),
('18', '7204');

INSERT INTO `direccion` (`iddireccion`, `calle`, `numero`, `id_cp_fk`, `id_ciudad_fk`) VALUES
('1', 'Cuesta Lorem, ', '251', '1', '1'),
('2', 'Carrera Lorem ipsum dolor, ', '146', '2', '2'),
('3', 'Travesía Lorem ipsum', '957', '3', '3'),
('4', 'Vía Lorem', '931', '4', '3'),
('5', 'Alameda Lorem', '885', '5', '4'),
('6', 'Urbanización Lorem ipsum dolor sit', '159', '6', '1'),
('7', 'Callejón Lorem ipsum', '471', '7', '5'),
('8', 'Rambla Lorem ipsum dolor sit', '125', '8', '1'),
('9', 'Avenida Lorem ipsum ', '567', '9', '8'),
('10', 'Urbanización Lorem ', '475', '10', '5'),
('11', 'Urbanización ipsum', '852', '11', '6'),
('12', 'Acceso Lorem ipsum dolor ', '716', '12', '7'),
('13', 'C. Comercial', '278', '13', '9'),
('14', 'Pasadizo Lorem ipsum', '19', '14', '10'),
('15', 'Callejón Lorem', '880', '15', '11'),
('16', 'Cañada Lorem ipsum dolor', '167', '16', '12'),
('17', 'Alameda Lorem ipsum dolor', '364', '17', '13'),
('18', 'Travesía Lorem', '22', '18', '14');

INSERT INTO `equipo` (`idequipo`, `nombre`, `razon_social`, `id_direccion_fk`, `id_estadio_fk`, `id_entrenadorpersona_fk`) VALUES
('1', ' Club America  ', NULL, '1', '1', '1'),
('2', ' Pachuca  ', NULL, '2', '2', '2'),
('3', ' Tigres UANL  ', NULL, '3', '3', '3'),
('4', ' Monterrey  ', NULL, '4', '4', '4'),
('5', ' Toluca  ', NULL, '5', '5', '5'),
('6', ' Unam Pumas  ', NULL, '6', '6', '6'),
('7', ' Chivas Guadalajara  ', NULL, '7', '7', '7'),
('8', ' Cruz Azul  ', NULL, '8', '8', '8'),
('9', ' Tijuana  ', NULL, '9', '9', '9'),
('10', ' Atlas  ', NULL, '10', '10', '10'),
('11', ' Mazatlan FC  ', NULL, '11', '11', '11'),
('12', ' Leon  ', NULL, '12', '12', '12'),
('13', ' Querétaro  ', NULL, '13', '13', '13'),
('14', ' Club Necaxa  ', NULL, '14', '14', '14'),
('15', ' Santos Laguna  ', NULL, '15', '15', '15'),
('16', ' FC Puebla  ', NULL, '16', '16', '16'),
('17', ' Juarez FC ', NULL, '17', '17', '17'),
('18', ' Atletico San Luis ', NULL, '18', '18', '18');

INSERT INTO `estadio` (`idestado`, `nombre`, `id_direccion_fk`) VALUES
('1', 'Azteca', '1'),
('2', 'Hidalgo', '2'),
('3', 'Universitario', '3'),
('4', 'EL Barrial', '4'),
('5', 'Nemesio Díez Riega', '5'),
('6', ' La Cantera', '6'),
('7', 'Verde Valle', '7'),
('8', 'Azul', '8'),
('9', 'Caliente', '9'),
('10', 'Colomos Alfredo Pistache Torres', '10'),
('11', 'Mazatlán', '11'),
('12', 'León', '12'),
('13', ' La Corregidora', '13'),
('14', 'Victoria', '14'),
('15', 'TSM Corona', '15'),
('16', 'Cuauhtémoc', '16'),
('17', 'Olímpico Benito Juárez', '17'),
('18', 'Alfonso Lastras Ramírez', '18');

INSERT INTO `estado` (`idestado`, `nombre`, `siglas`) VALUES
('1', 'Ciudad de México', 'CDMX'),
('2', 'Hidalgo', NULL),
('3', 'Nuevo León', 'NL'),
('4', 'Edo. Mex', NULL),
('5', 'Jalisco', 'JAL'),
('6', 'Sinaloa', NULL),
('7', 'Guanajuato', NULL),
('8', 'Baja California', 'BC'),
('9', 'Querétaro', 'QTR'),
('10', 'Aguascalientes', 'AC'),
('11', 'Coahuila', NULL),
('12', 'Puebla', NULL),
('13', 'Chihuahua', NULL),
('14', 'San Luis Potosí', NULL);

INSERT INTO `falta` (`idfalta`, `id_partido_fk`, `id_jugadora_tem_fk`, `tarjeta_amarilla`, `tarjeta_roja`) VALUES
('1', '1', '78', '1\0', '0\0'),
('2', '4', '57', '0\0', '0\0'),
('3', '1', '88', '0\0', '0\0'),
('4', '5', '145', '0\0', '0\0'),
('5', '2', '234', '1\0', '0\0'),
('6', '3', '234', '0\0', '0\0');

INSERT INTO `gol` (`idgol`, `id_partido_fk`, `id_jugadora_tem_fk`, `minuto`) VALUES
('1', '1', '45', '30'),
('2', '1', '89', '48'),
('3', '2', '211', '10'),
('4', '2', '35', '18'),
('5', '2', '200', '60'),
('6', '3', '34', '65'),
('7', '5', '54', '30');

INSERT INTO `jugadora` (`idjugadora`, `nombre`, `numero`, `estatura`, `nacionalidad`, `posicion`) VALUES
('1', 'Cristina Del Carmen Ferral Montalvan', '15', '174', 'Mexicana', 'Portero'),
('2', 'Natalia Villarreal Pardo', '17', '158', 'Mexicana', 'Defensa'),
('3', 'Sandra Stephany Mayor Gutiérrez', '9', '166', 'Mexicana', 'Delantero'),
('4', 'Greta Alejandra Espinoza Casas', '4', '167', 'Mexicana', 'Defensa'),
('5', 'Liliana Mercado Fuentes', '7', '158', 'Mexicana', 'Delantero'),
('6', 'Katty Martínez Abad', '10', '170', 'Mexicana', 'Medio'),
('7', 'Lizbeth Jacqueline Ovalle Muñoz', '14', '165', 'Mexicana', 'Defensa'),
('8', 'Belén De Jesús Cruz Arzate', '18', '183', 'Mexicana', 'Defensa'),
('9', 'Bianca Elissa Sierra García', '3', '167', 'Mexicana', 'Defensa'),
('10', 'Nancy Guadalupe Antonio López', '6', '163', 'Mexicana', 'Medio'),
('11', 'Ofelia Solís Garza', '20', '164', 'Mexicana', 'Medio'),
('12', 'Karen Irasema Luna De Los Santos', '13', '163', 'Mexicana', 'Portero'),
('13', 'María Fernanda Elizondo Ochoa', '5', '184', 'Mexicana', 'Medio'),
('14', 'Natalia Miramontes Lira', '31', '174', 'Mexicana', 'Medio'),
('15', 'Mariana Elizondo Montelongo', '32', '174', 'Mexicana', 'Delantero'),
('16', 'Alejandra Gutiérrez Carrillo', '1', '166', 'Mexicana', 'Portero'),
('17', 'Vania Asenet Villalobos Pérez', '33', '167', 'Mexicana', 'Medio'),
('18', 'María Akemi Yokoyama Carreón', '2', '182', 'Mexicana', 'Defensa'),
('19', 'Mónica Irina Flores Grigoriu', '5', '181', 'Mexicana', 'Medio'),
('20', 'Rebeca Bernal Rodríguez', '4', '170', 'Mexicana', 'Defensa'),
('21', 'Mariana Cadena Calvillo', '19', '178', 'Mexicana', 'Delantero'),
('22', 'Mónica Desiree Monsiváis Salayandia', '9', '158', 'Mexicana', 'Delantero'),
('23', 'Diana Laura García Castillo', '22', '168', 'Mexicana', 'Medio'),
('24', 'Daniela Lizbeth Solís Contreras', '20', '173', 'Mexicana', 'Medio'),
('25', 'Valeria Valdez Varela', '26', '181', 'Mexicana', 'MEdio'),
('26', 'Diana Laura Evangelista Chávez', '8', '181', 'Mexicana', 'Medio'),
('27', 'Christina Marie Burkenroad ', '2', '166', 'Mexicana', 'Defensa'),
('28', 'Claudia Ivette Lozoya Lechuga', '1', '161', 'Mexicana', 'Portero'),
('29', 'Ricla Rajunov Kun', '14', '176', 'Mexicana', 'Medio'),
('30', 'Annia Stephany Mejía ', '13', '177', 'Mexicana', 'Portero'),
('31', 'Yamile Azenek Franco Tirado', '17', '183', 'Mexicana', 'Defensa'),
('32', 'Alejandría Godínez Herrera', '12', '181', 'Mexicana', 'Medio'),
('33', 'Aylin Ariana Aviléz Peña', '18', '163', 'Mexicana', 'Defensa'),
('34', 'Dinora Lizeth Garza Rodríguez', '10', '176', 'Mexicana', 'Medio'),
('35', 'Karol Esthefany Bernal Castañeda', '23', '165', 'Mexicana', 'Defensa'),
('36', 'Andrea Hernández Buenosaires', '7', '169', 'Mexicana', 'Delantero'),
('37', 'Lucia Rodríguez Güemes', '3', '160', 'Mexicana', 'Defensa'),
('38', 'Alejandra Guadalupe Martínez Ríos', '6', '173', 'Mexicana', 'Medio'),
('39', 'Samantha Abigail Simental Leyva', '15', '164', 'Mexicana', 'Defensa'),
('40', 'Xanic Benítez Espinosa', '16', '179', 'Mexicana', 'Portero'),
('41', 'Julissa Fernanda Dávila González', '13', '162', 'Mexicana', 'Portero'),
('42', 'María Fernanda Daniela Pérez Limón', '3', '184', 'Mexicana', 'Defensa'),
('43', 'Alison Hecnary González Esquivel', '30', '162', 'Mexicana', 'Defensa'),
('44', 'Joana Robles Partida', '10', '171', 'Mexicana', 'Medio'),
('45', 'Adriana Iturbide Ibarra', '9', '158', 'Mexicana', 'Delantero'),
('46', 'Ana Gabriela Paz Molina', '1', '179', 'Mexicana', 'Portero'),
('47', 'Norma Janeth Hernández Armenta', '17', '176', 'Mexicana', 'Medio'),
('48', 'Karen Andrea García Márquez', '8', '160', 'Mexicana', 'Defensa'),
('49', 'Alejandra Franco Gómez', '5', '178', 'Mexicana', 'Defensa'),
('50', 'Claudia Fabiola Ibarra Muro', '11', '161', 'Mexicana', 'Defensa'),
('51', 'Vanessa González Márquez', '14', '182', 'Mexicana', 'Defensa'),
('52', 'Zellyka Guadalupe Arce Balleza', '6', '179', 'Mexicana', 'Medio'),
('53', 'Marcia Paola García Ramírez', '26', '160', 'Mexicana', 'Medio'),
('54', 'Mitzi Aranzazú Martínez Ávalos', '16', '164', 'Mexicana', 'Medio'),
('55', 'Ana Rosa García López', '28', '167', 'Mexicana', 'Defensa'),
('56', 'Alexa Daniela Curiel Sánchez', '27', '172', 'Mexicana', 'Delantero'),
('57', 'Isabella Amyx Gascon', '19', '165', 'Mexicana', 'Delantero'),
('58', 'Nicole Buenfil Renoult', '31', '159', 'Mexicana', 'Defensa'),
('59', 'Valeria Razo Correa', '24', '159', 'Mexicana', 'Defensa'),
('60', 'Karla Vianey García Muñoz', '2', '158', 'Mexicana', 'Defensa'),
('61', 'Alejandra Lomelí Franco', '18', '162', 'Mexicana', 'Medio'),
('62', 'Danna Paola Rodríguez Flores', '32', '173', 'Mexicana', 'Medio'),
('63', 'Stephany Anaya Montaño', '23', '175', 'Mexicana', 'Defensa'),
('64', 'Valentina De La Mora Esquivel', '29', '169', 'Mexicana', 'Portero'),
('65', 'Blanca María Félix Castro', '12', '182', 'Mexicana', 'Portero'),
('66', 'Michelle González Mercado', '28', '181', 'Mexicana', 'Defensa'),
('67', 'Diana Jaqueline Rodríguez Carrillo', '2', '182', 'Mexicana', 'Defensa'),
('68', 'Miriam Vanessa García Muñoz', '3', '164', 'Mexicana', 'Defensa'),
('69', 'María Guadalupe Sánchez Morales', '7', '166', 'Mexicana', 'Defensa'),
('70', 'Christian Carolina Jaramillo Quintero', '15', '177', 'Mexicana', 'Defensa'),
('71', 'Alicia Cervantes Herrera', '24', '179', 'Mexicana', 'Defensa'),
('72', 'Susan Yanet Bejarano Rodríguez', '18', '161', 'Mexicana', 'Medio'),
('73', 'Dania Nicole Pérez Jiménez', '8', '175', 'Mexicana', 'Medio'),
('74', 'Norma Luz Irene Duarte Palafox', '11', '168', 'Mexicana', 'Defensa'),
('75', 'María Andrea Sánchez Piñon', '14', '173', 'Mexicana', 'Defensa'),
('76', 'Angélica Araceli Torres Muñoz', '26', '180', 'Mexicana', 'Defensa'),
('77', 'Victoria Lizbeth Acevedo Ponce', '34', '171', 'Mexicana', 'Defensa'),
('78', 'Tania Paola Morales Bazarte', '10', '170', 'Mexicana', 'Medio'),
('79', 'Joseline Montoya Rodríguez', '17', '159', 'Mexicana', 'Medio'),
('80', 'Yashira Yuleth Barrientos González', '33', '176', 'Mexicana', 'Defensa'),
('81', 'Miriam Castillo Zárate', '6', '163', 'Mexicana', 'Defensa'),
('82', 'Anette Natalia Vázquez Mendoza', '19', '168', 'Mexicana', 'Defensa'),
('83', 'Isabella Gutiérrez Alfaro', '22', '178', 'Mexicana', 'Medio'),
('84', 'Kinberly Paloma Guzmán Prado', '27', '165', 'Mexicana', NULL),
('85', 'María Guadalupe Velázquez Cortéz', '23', '174', 'Mexicana', 'Medio'),
('86', 'Ana Gabriela Huerta Aguas', '29', '160', 'Mexicana', 'Medio'),
('87', 'Evelyn Teresa González Zuñiga', '9', '162', 'Mexicana', 'Medio'),
('88', 'Lia Mariel Romero Torres', '31', '166', 'Mexicana', 'Medio'),
('89', 'Celeste Maryel Espino Mendoza', '1', '181', 'Mexicana', 'Portero'),
('90', 'Damaris Michel Godínez García', '35', '175', 'Mexicana', 'Medio'),
('91', 'Priscila Guadalupe Padilla Rentería', '16', '179', 'Mexicana', 'Defensa'),
('92', 'Jocelyn Marie Orejel Tavares', '2', '174', 'Mexicana', 'Defensa'),
('93', 'Daniela Espinosa Arce', '10', '159', 'Mexicana', 'Medio'),
('94', 'Mónica Rodríguez Guzmán', '14', '161', 'Mexicana', 'Delantero'),
('95', 'Betzy Casandra Cuevas Araujo', '8', '178', 'Mexicana', 'Delantero'),
('96', 'Marlyn Margoth Campa Ávalos', '31', '174', 'Mexicana', 'Medio'),
('97', 'Ximena Elizabeth Rios Zarate', '5', '163', 'Mexicana', 'Medio'),
('98', 'Selene Itzel Valera Cortez', '3', '172', 'Mexicana', 'Medio'),
('99', 'Veronica Raquel Pérez Murillo', '34', '159', 'Mexicana', 'Medio'),
('100', 'Dorian Montserrat Hernández García', '11', '179', 'Mexicana', 'Delantero'),
('101', 'Jaidy Janay Gutiérrez Campos', '24', '162', 'Mexicana', 'Defensa'),
('102', 'Ana Gabriela Lozada Salas', '4', '169', 'Mexicana', 'Defensa'),
('103', 'Jana Alexandra Gutiérrez Campos', '25', '165', 'Mexicana', 'Medio'),
('104', 'Dalia Isabel Molina Chuela', '21', '184', 'Mexicana', 'Defensa'),
('105', 'Renata Masciarelli Orozco', '1', '161', 'Mexicana', 'Portero'),
('106', 'Eva Beatriz González Tate', '13', '174', 'Mexicana', 'Defensa'),
('107', 'Jennifer Justine Muñoz Velázquez', '18', '166', 'Mexicana', 'Medio'),
('108', 'Janae Chantell González Yap', '9', '172', 'Mexicana', 'Delantero'),
('109', 'Marcela Valera Ceballos', '6', '177', 'Mexicana', 'Defensa'),
('110', 'Natalia Acuña Soto', '23', '162', 'Mexicana', 'Delantero'),
('111', 'Zulma Yared Hernández García', '19', '170', 'Mexicana', 'Defensa'),
('112', 'Zaira Moreno Morales', '12', '161', 'Mexicana', 'Medio'),
('113', 'Renata Fernanda Huerta Tovar', '35', '177', 'Mexicana', 'Medio'),
('114', 'Dayana Joselyn Cazares Vera', '7', '166', 'Mexicana', 'Portero'),
('115', 'Karla Paola Nieto Castillo', '6', '167', 'Mexicana', 'Portero'),
('116', 'Sumiko Gutiérrez Vera', '20', '161', 'Mexicana', 'Defensa'),
('117', 'Mónica Rose Alvarado Rodríguez', '4', '161', 'Mexicana', 'Defensa'),
('118', 'Diana Paola Monroy Cabrera', '5', '162', 'Mexicana', 'Defensa'),
('119', 'Ana Paola López Yrigoyen', '25', '166', 'Mexicana', 'Medio'),
('120', 'Lizbeth Ángeles Mercado', '9', '158', 'Mexicana', 'Defensa'),
('121', 'Esbeydi Viridiana Salazar Suaste', '30', '163', 'Mexicana', 'Defensa'),
('122', 'Blanky Denisse Serrano Mendiola', '14', '177', 'Mexicana', 'Defensa'),
('123', 'Silvia Gabriela Machuca Rubio', '12', '159', 'Mexicana', 'Defensa'),
('124', 'Fátima Monserrat Arellano Beltrán', '11', '175', 'Mexicana', 'Delantero'),
('125', 'Karen Itzayana Gómez Torres', '13', '160', 'Mexicana', 'Defensa'),
('126', 'Delfina Santellan ', '33', '182', 'Mexicana', 'Delantero'),
('127', 'Yanin Madrid López Lira', '17', '169', 'Mexicana', 'Defensa'),
('128', 'Lourdes Sofia Martínez Barajas', '2', '175', 'Mexicana', 'Defensa'),
('129', 'Karla Yolanda Jiménez Domínguez', '21', '178', 'Mexicana', 'Defensa'),
('130', 'Diana Izbeth Fierro Delgado', '8', '175', 'Mexicana', 'Defensa'),
('131', 'Andrea Balcazar Algarin', '16', '178', 'Mexicana', 'Defensa'),
('132', 'Paola Naomi Manrique Mendoza', '23', '171', 'Mexicana', 'Defensa'),
('133', 'Karen Alejandra Díaz Sánchez', '34', '163', 'Mexicana', 'Delantero'),
('134', 'Berenice Muñoz Gerardo', '29', '167', 'Mexicana', 'Defensa'),
('135', 'Isabela Esquivias Liceaga', '35', '181', 'Mexicana', 'Delantero'),
('136', 'Julieta Peralta Acosta', '15', '178', 'Mexicana', 'Defensa'),
('137', 'Gloria Narváez Rivera', '22', '174', 'Mexicana', 'Delantero'),
('138', 'Alice Fernanda Soto Gallegos', '7', '173', 'Mexicana', 'Defensa'),
('139', 'Yaritzi Rodríguez Figueroa', '27', '158', 'Mexicana', 'Portero'),
('140', 'Bibiana Guadalupe Quintos Galván', '14', '181', 'Mexicana', 'Portero'),
('141', 'Deneva Cagigas Gabilondo', '4', '176', 'Mexicana', 'Defensa'),
('142', 'Dania Belén Padilla Alemán', '8', '164', 'Mexicana', 'Medio'),
('143', 'Diana Paula Gómez Soto', '17', '170', 'Mexicana', 'Defensa'),
('144', 'Daniela Itzaxaya García González', '10', '168', 'Mexicana', 'Delantero'),
('145', 'Melany Aylin Villeda Medina', '12', '174', 'Mexicana', 'Medio'),
('146', 'Hilary Margarita García Ruíz', '7', '169', 'Mexicana', 'Delantero'),
('147', 'Gabriela Rocío Álvarez Huerta', '29', '160', 'Mexicana', 'Medio'),
('148', 'Jaquelin García Cruz', '20', '158', 'Mexicana', 'Defensa'),
('149', 'Anisa Raquel Guajardo Braff', '30', '161', 'Mexicana', 'Delantero'),
('150', 'Edna Fabiola Santamaria Orduña', '19', '164', 'Mexicana', 'Medio'),
('151', 'Laura Herrera Alonso', '25', '171', 'Mexicana', 'Defensa'),
('152', 'Liliana Rodríguez Alejo', '18', '159', 'Mexicana', 'Medio'),
('153', 'Dirce Delgado García', '2', '179', 'Mexicana', 'Defensa'),
('154', 'Natalia Macías Valadez Aguilera', '21', '171', 'Mexicana', 'Defensa'),
('155', 'Paola Chavero Álvarez', '13', '175', 'Mexicana', 'Medio'),
('156', 'Mariela Jiménez Mirón', '11', '161', 'Mexicana', 'Defensa'),
('157', 'Miriam Guadalupe Aguirre Olmos', '1', '161', 'Mexicana', 'Portero'),
('158', 'Daniela Sánchez Velázquez', '9', '163', 'Mexicana', 'Defensa'),
('159', 'Hireri Velázquez García', '6', '167', 'Mexicana', 'Defensa'),
('160', 'Patricia De María Jardón Díaz', '22', '165', 'Mexicana', 'Medio'),
('161', 'Rebeca Zavaleta Aparicio', '3', '183', 'Mexicana', 'Defensa'),
('162', 'Catherine Kyara Rodriguez Gutierrez', '23', '176', 'Mexicana', 'Portero'),
('163', 'Alondra Karime Camargo Aguilar', '14', '161', 'Mexicana', 'Defensa'),
('164', 'Mayra Alejandra Santana Estrada', '12', '166', 'Mexicana', 'Delantero'),
('165', 'Valeria Aurora Miranda Rodríguez', '8', '171', 'Mexicana', 'Medio'),
('166', 'Dulce Consuelo Valente Salinas', '5', '171', 'Mexicana', 'Defensa'),
('167', 'Ruth María Anahí Arana Benítez', '25', '169', 'Mexicana', 'Defensa'),
('168', 'Maritza Dardane Maldonado Velázquez', '11', '176', 'Mexicana', 'Delantero'),
('169', 'Fatima Servin Sánchez', '27', '177', 'Mexicana', 'Defensa'),
('170', 'Alejandra Calderón Lua', '15', '182', 'Mexicana', 'Medio'),
('171', 'Marypaz Barboza Gutiérrez', '17', '161', 'Mexicana', 'Medio'),
('172', 'Sofia Alvarez Tostado Macin', '22', '173', 'Mexicana', 'Defensa'),
('173', 'Lizette Montserrat Rodríguez Cisneros', '10', '171', 'Mexicana', 'Defensa'),
('174', 'Leidy Lizeth Ramos Martínez', '13', '160', 'Mexicana', 'Defensa'),
('175', 'Mayra Fernanda Ríos Rodríguez', '23', '183', 'Mexicana', 'Medio'),
('176', 'Karym Iturbe García', '7', '171', 'Mexicana', 'Medio'),
('177', 'Jazmín Enrigue Abundis', '3', '166', 'Mexicana', 'Medio'),
('178', 'Daniela Alcantar Campillo', '6', '168', 'Mexicana', 'Defensa'),
('179', 'Diana Desiree García Orozco', '1', '165', 'Mexicana', 'Portero'),
('180', 'Ana Paulina De María Y Campos Moreno', '26', '175', 'Mexicana', 'Defensa'),
('181', 'Claudia Janeth Avila Vargas', '16', '172', 'Mexicana', 'Defensa'),
('182', 'Adriana Orozco Placencia', '20', '181', 'Mexicana', 'Delantero'),
('183', 'Natalia Monserrat Melgoza Arreola', '2', '176', 'Mexicana', 'Defensa'),
('184', 'Alexandra De La Caridad', '19', '172', 'Mexicana', 'Defensa'),
('185', 'Andrea Guadalupe Romero Olivares', '9', '162', 'Mexicana', 'Defensa'),
('186', 'Daniela Auza Sierra', '21', '182', 'Mexicana', 'Delantero'),
('187', 'Valeria Sarahi Gonzalez Munguia', '18', '163', 'Mexicana', 'Defensa'),
('188', 'Arlett Tovar Gómez', '4', '171', 'Mexicana', 'Defensa'),
('189', 'Noemi Granados Flores', '7', '160', 'Mexicana', 'Medio'),
('190', 'Karla Lorena Martínez Díaz', '15', '174', 'Mexicana', 'Medio'),
('191', 'María Natalia Mauleon Piñón', '14', '184', 'Mexicana', 'Delantero'),
('192', 'Laura Montserrat Parra Constantino', '13', '178', 'Mexicana', 'Portero'),
('193', 'Viridiana López Mata', '16', '175', 'Mexicana', 'Portero'),
('194', 'Mariel Román Pacheco', '17', '180', 'Mexicana', 'Delantero'),
('195', 'Sandra Daniela Lozano López', '1', '181', 'Mexicana', 'Portero'),
('196', 'Yamanic Nahomi Martínez Díaz', '2', '176', 'Mexicana', 'Defensa'),
('197', 'María Fernanda Sánchez Castillo', '25', '181', 'Mexicana', 'Defensa'),
('198', 'Karla Katia Saavedra Venegas', '10', '166', 'Mexicana', 'Defensa'),
('199', 'Dayan Téllez Domínguez', '22', '159', 'Mexicana', 'Medio'),
('200', 'Andrea Monserrat Martínez Serratos', '6', '159', 'Mexicana', 'Medio'),
('201', 'Zaira Carolina Miranda Jiménez', '29', '168', 'Mexicana', 'Medio'),
('202', 'Destinney Rosalía Duron Alonzo', '24', '158', 'Mexicana', 'Defensa'),
('203', 'Brenda Nayeli Carvajal González', '20', '181', 'Mexicana', 'Defensa'),
('204', 'Diana Michelle Guatemala García', '11', '163', 'Mexicana', 'Delantero'),
('205', 'Karen Becerril Zepeda', '8', '167', 'Mexicana', 'Defensa'),
('206', 'Ana Karen López Morales', '18', '184', 'Mexicana', 'Defensa'),
('207', 'Daniela Gómez González', '3', '171', 'Mexicana', 'Medio'),
('208', 'Andrea Fernanda Torres Mondragón', '21', '173', 'Mexicana', 'Medio'),
('209', 'Cynthia Mariana Rodríguez Larios', '32', '161', 'Mexicana', 'Medio'),
('210', 'Havi Larisa Ibarra Hernández', '5', '182', 'Mexicana', 'Defensa'),
('211', 'Michell Cecilia Guerrero Hernández', '3', '171', 'Mexicana', 'Defensa'),
('212', 'Casandra Montero Rodríguez', '8', '171', 'Mexicana', 'Defensa'),
('213', 'Mariana Abigail Zárraga Coéllar', '1', '172', 'Mexicana', 'Portero'),
('214', 'Liliana Hernández Saldaña', '10', '163', 'Mexicana', 'Defensa'),
('215', 'Jazmín Montserrat López Delgado', '14', '177', 'Mexicana', 'Delantero'),
('216', 'Magaly Cortés Hernández', '9', '164', 'Mexicana', 'Defensa'),
('217', 'María Fernanda Sandoval Briseño', '12', '163', 'Mexicana', 'Medio'),
('218', 'Nallely Montserrat Magaña Contreras', '2', '175', 'Mexicana', 'Defensa'),
('219', 'Ixchebel Tamara Romero García', '11', '171', 'Mexicana', 'Portero'),
('220', 'Melissa Leilani Arredondo García', '6', '160', 'Mexicana', 'Defensa'),
('221', 'Melisa Alejandra Ramos Pérez', '7', '184', 'Mexicana', 'Defensa'),
('222', 'Linda Lizbeth Valdéz Martínez', '28', '178', 'Mexicana', 'Defensa'),
('223', 'Montserrat Peña Zamorano', '18', '159', 'Mexicana', 'Defensa'),
('224', 'Belkis Karely Escalante Carreón', '13', '173', 'Mexicana', 'Defensa'),
('225', 'Madeleine Pasco Del Arco', '20', '167', 'Mexicana', 'Medio'),
('226', 'Yahaira Esmeralda Flores Olivares', '21', '169', 'Mexicana', 'Defensa'),
('227', 'Alma Verania López Almaraz', '5', '176', 'Mexicana', 'Medio'),
('228', 'Tania Lizbeth Cortes Mora', '16', '172', 'Mexicana', 'Defensa'),
('229', 'Valeria Lagunes Aburto', '23', '171', 'Mexicana', 'Medio'),
('230', 'Ana Paula Gutiérrez Fernández', '15', '167', 'Mexicana', 'Defensa'),
('231', 'Jocelyn Atzimba Flores González', '17', '182', 'Mexicana', 'Delantero'),
('232', 'María Fernanda Tarango Arellano', '29', '161', 'Mexicana', 'Delantero'),
('233', 'Fátima Guadalupe Bracamonte Vargas', '19', '162', 'Mexicana', 'Defensa'),
('234', 'Monique Burgess Pérez', '25', '181', 'Mexicana', 'Defensa'),
('235', 'Deheny Manuela Rodríguez Torrealba', '22', '180', 'Mexicana', 'Portero'),
('236', 'Paola Selvas Rios', '27', '161', 'Mexicana', 'Defensa'),
('237', 'Diana Elizabeth Anguiano Diaz', '15', '165', 'Mexicana', 'Defensa'),
('238', 'Alexandra Guadalupe Godínez García', '13', '182', 'Mexicana', 'Defensa'),
('239', 'Ivonne Najar Matus', '24', '169', 'Mexicana', 'Defensa'),
('240', 'Brissa Rangel Mata', '1', '177', 'Mexicana', 'Portero'),
('241', 'Mariam Nataly Castro Villaverde', '10', '171', 'Mexicana', 'Medio'),
('242', 'Mirelle Arciniega Sevenello', '20', '167', 'Mexicana', 'Defensa'),
('243', 'María José López López', '18', '170', 'Mexicana', 'Defensa'),
('244', 'Dulce Eileen Martínez Morales', '16', '173', 'Mexicana', 'Defensa'),
('245', 'Teresa Guadalupe Worbis Aguilar', '8', '180', 'Mexicana', 'Medio'),
('246', 'Lía Betsabé Morán Torres', '5', '174', 'Mexicana', 'Defensa'),
('247', 'Ximena Guadalupe Cabanillas Márquez', '3', '167', 'Mexicana', 'Defensa'),
('248', 'Andrea Alejandra Ortega Fuentes', '26', '179', 'Mexicana', 'Medio'),
('249', 'Barbrha Alejandra Figueroa González', '27', '159', 'Mexicana', 'Medio'),
('250', 'Alejandra Zoe Tapia Ortega', '28', '176', 'Mexicana', 'Defensa'),
('251', 'Emily Misdiel González Soria', '11', '182', 'Mexicana', 'Defensa'),
('252', 'Ibeth López Maldonado', '7', '171', 'Mexicana', 'Medio'),
('253', 'Citlalli Amairany Valencia Marín', '19', '164', 'Mexicana', 'Defensa'),
('254', 'Harumi Yasneidi Cornejo Chio', '23', '171', 'Mexicana', 'Defensa'),
('255', 'Jimena Ruby Hermenegildo Churape', '9', '184', 'Mexicana', 'Defensa'),
('256', 'Angela Yulissa Guevara Acevedo', '4', '184', 'Mexicana', 'Defensa'),
('257', 'Sofía Alejandra Jiménez García', '32', '172', 'Mexicana', 'Medio'),
('258', 'Mariela López Tomes', '29', '165', 'Mexicana', 'Defensa'),
('259', 'Paola Elizabeth Urbieta Villalobos', '3', '182', 'Mexicana', 'Defensa'),
('260', 'Kenya García Camacho', '4', '177', 'Mexicana', 'Defensa'),
('261', 'Edith Deyanira Carmona Castillo', '17', '175', 'Mexicana', 'Defensa'),
('262', 'Karen Melina Vázquez Álvarez', '19', '164', 'Mexicana', 'Medio'),
('263', 'Estefania Izaguirre Gallegos', '13', '164', 'Mexicana', 'Medio'),
('264', 'Daniela Carrandi Casillas', '7', '160', 'Mexicana', 'Defensa'),
('265', 'Paola Estefanía Alemán Rostro', '16', '184', 'Mexicana', 'Defensa'),
('266', 'Isabel Kasis Monjarás', '14', '169', 'Mexicana', 'Defensa'),
('267', 'Magdalena Carolina Zepeda Martínez', '8', '160', 'Mexicana', 'Defensa'),
('268', 'Cintia Monreal Jiménez', '1', '174', 'Mexicana', 'Portero'),
('269', 'Citlali Guadalupe Hernández Durán', '5', '170', 'Mexicana', 'Defensa'),
('270', 'Britany Lizbeth Cardenas Cepeda', '20', '180', 'Mexicana', 'Delantero'),
('271', 'Heidi Karina González Vite', '23', '184', 'Mexicana', 'Defensa'),
('272', 'Paola Andrea Montoya Torres', '10', '172', 'Mexicana', 'Defensa'),
('273', 'Kimberly Karina Reséndiz Arellano', '18', '166', 'Mexicana', 'Defensa'),
('274', 'Aylin Hernández Mendoza', '11', '168', 'Mexicana', 'Delantero'),
('275', 'Ramona Guadalupe Paredes Torres', '21', '179', 'Mexicana', 'Defensa'),
('276', 'Nayeli Munguía Morales', '6', '172', 'Mexicana', 'Medio'),
('277', 'Karla Tatiana Cantú Hernández', '2', '181', 'Mexicana', 'Defensa'),
('278', 'Isela Stephanía Osorio Domínguez', '2', '169', 'Mexicana', 'Defensa'),
('279', 'Nancy Lizbeth Quiñones Román', '11', '175', 'Mexicana', 'Defensa'),
('280', 'Joseline Andrea Hernández Hurtado', '8', '172', 'Mexicana', 'Medio'),
('281', 'Daniela Delgado Félix', '15', '163', 'Mexicana', 'Defensa'),
('282', 'Alexxandra Ramírez Flores', '23', '172', 'Mexicana', 'Medio'),
('283', 'Wendy Estefani Toledo Barroso', '29', '172', 'Mexicana', 'Defensa'),
('284', 'Cinthya Peraza Fernández', '10', '174', 'Mexicana', 'Defensa'),
('285', 'Lucero Lara Bañuelos', '5', '183', 'Mexicana', 'Medio'),
('286', 'Katia Elizabeth Estrada Rodríguez', '14', '162', 'Mexicana', 'Defensa'),
('287', 'Alexia Nayeli Villanueva Flores', '9', '166', 'Mexicana', 'Medio'),
('288', 'Olga Anahí Trasviña Rentería', '22', '172', 'Mexicana', 'Medio'),
('289', 'Estela Gómez Escamilla', '3', '167', 'Mexicana', 'Defensa'),
('290', 'Isela Guadalupe Ojeda Ramírez', '13', '174', 'Mexicana', 'Medio'),
('291', 'Esmeralda Guadalupe Zamarron Ortiz', '30', '179', 'Mexicana', 'Defensa'),
('292', 'Perla Rocío Navarrete Muñoz', '7', '183', 'Mexicana', 'Portero'),
('293', 'Lourdes Alejandra De León Acosta', '4', '166', 'Mexicana', 'Defensa'),
('294', 'Karyme Alejandra Martínez Díaz', '16', '158', 'Mexicana', 'Defensa'),
('295', 'Paola Isabel Calderón Mota', '12', '159', 'Mexicana', 'Medio'),
('296', 'Aidé Montserrat Pérez Fraire', '18', '172', 'Mexicana', 'Medio'),
('297', 'Paloma Sugey Velázquez Mendoza', '24', '166', 'Mexicana', 'Defensa'),
('298', 'Marianne Martínez Valdepeñas', '17', '165', 'Mexicana', 'Medio'),
('299', 'Karla Vanessa Estala Enríquez', '6', '163', 'Mexicana', 'Defensa'),
('300', 'Emili Bautista Galván', '14', '183', 'Mexicana', 'Defensa'),
('301', 'Atzimba Casas Escudero', '19', '166', 'Mexicana', NULL),
('302', 'Melissa Aideé Sosa Enríquez', '18', '180', 'Mexicana', 'Defensa'),
('303', 'Alexandra Aguilar Figueroa', '28', '173', 'Mexicana', 'Medio'),
('304', 'Cindy Guadalupe Caro López', '7', '162', 'Mexicana', 'Medio'),
('305', 'Selena Carolina Castillo Aguilar', '2', '172', 'Mexicana', 'Defensa'),
('306', 'Brenda Paola Alvarado Castillo', '5', '170', 'Mexicana', 'Defensa'),
('307', 'Alondra Teresita Ubaldo Navarro', '1', '166', 'Mexicana', 'Portero'),
('308', 'Celeste Alejandra Vidal Ybarra', '13', '177', 'Mexicana', 'Defensa'),
('309', 'Alexia Vianey Frías Sánchez', '9', '169', 'Mexicana', 'Medio'),
('310', 'Carmen Angelica González Esparza', '6', '183', 'Mexicana', 'Medio'),
('311', 'Sahiry América Cruz Carreón', '17', '184', 'Mexicana', 'Defensa'),
('312', 'Silvia Elicerio Castillo', '11', '169', 'Mexicana', 'Delantero'),
('313', 'Stefani Hetzabel Jiménez Plascencia', '3', '160', 'Mexicana', 'Defensa'),
('314', 'Jessica Arely Vázquez Chavira', '8', '165', 'Mexicana', 'Medio'),
('315', 'Dayana Navarrete Muñoz', '25', '183', 'Mexicana', 'Delantero'),
('316', 'Naylea Martínez Galván', '32', '175', 'Mexicana', 'Medio'),
('317', 'Lizette Adriana Calderón García', '27', '158', 'Mexicana', 'Medio'),
('318', 'Kimberli Estefania Goytia Fierro', '26', '176', 'Mexicana', 'Medio'),
('319', 'Karen Pamela Loya Valladares', '21', '184', 'Mexicana', 'Medio'),
('320', 'Cyntia Guadalupe Jiménez Puebla', '35', '178', 'Mexicana', 'Medio'),
('321', 'Karen Yolanda Fileto Rubio', '15', '159', 'Mexicana', 'Defensa'),
('322', 'Karen Yozaleth González Barrón', '30', '173', 'Mexicana', 'Medio'),
('323', 'Daniela Reza Matamoros', '34', '181', 'Mexicana', 'Portero'),
('324', 'Verónica Fabiola Pérez Morales', '23', '169', 'Mexicana', 'Delantero'),
('325', 'Marylin Viridiana Díaz Ramírez', '2', '163', 'Mexicana', 'Defensa'),
('326', 'Daniela Janet Monroy Cortez', '13', '169', 'Mexicana', 'Medio'),
('327', 'Susana Romero Hernández', '8', '166', 'Mexicana', 'Medio'),
('328', 'Karime Abud Lira', '21', '167', 'Mexicana', 'Portero'),
('329', 'Brenda León Romano', '7', '171', 'Mexicana', 'Delantero'),
('330', 'Paola González González', '19', '170', 'Mexicana', 'Medio'),
('331', 'Brenda Judith García Valadez', '17', '182', 'Mexicana', 'Delantero'),
('332', 'Karla Daniela Zempoalteca Hernández', '23', '178', 'Mexicana', 'Medio'),
('333', 'Karla Patricia Morales Ramírez', '12', '164', 'Mexicana', 'Medio'),
('334', 'Jessica Liliana Tenorio García', '4', '163', 'Mexicana', 'Defensa'),
('335', 'Elisa Paola Espino Mendoza', '26', '177', 'Mexicana', 'Defensa'),
('336', 'Martha Natalia Enciso Ballesteros', '10', '173', 'Mexicana', 'Medio'),
('337', 'Alejandra Guadalupe Curiel Flores', '24', '168', 'Mexicana', 'Medio'),
('338', 'Verónica Jeannette Jiménez Vázquez', '1', '171', 'Mexicana', 'Portero'),
('339', 'Rebeca Villuendas Castillo', '18', '166', 'Mexicana', 'Delantero'),
('340', 'Guillermina Martínez Islas', '3', '184', 'Mexicana', 'Defensa'),
('341', 'María Lourdes Ramírez López', '20', '162', 'Mexicana', 'Medio'),
('342', 'Maria Elena Sainz Agama', '5', '169', 'Mexicana', 'Medio'),
('343', 'Itzel Cruz Álvarez', '6', '174', 'Mexicana', 'Medio'),
('344', 'Cinthia Karina Huerta González', '15', '171', 'Mexicana', 'Defensa'),
('345', 'María Alejandra Tovar García', '14', '183', 'Mexicana', 'Defensa'),
('346', 'Wendy Atziri Jiménez Ramírez', '11', '162', 'Mexicana', 'Delantero'),
('347', 'Rubí Sarahí Ruvalcaba Cordero', '22', '169', 'Mexicana', 'Medio'),
('348', 'Fátima Ximena Alonso Curiel', '16', '181', 'Mexicana', 'Medio'),
('349', 'Guadalupe Vanessa Sánchez López', '23', '178', 'Mexicana', 'Medio'),
('350', 'Lucero Ximena Cuevas Flores', '10', '158', 'Mexicana', 'Medio'),
('351', 'Sonia Vázquez Montiel', '7', '160', 'Mexicana', 'Delantero'),
('352', 'Esmeralda Verdugo Romo', '8', '182', 'Mexicana', 'Medio'),
('353', 'Claudia Fernanda Cid Macias', '3', '178', 'Mexicana', 'Defensa'),
('354', 'Joselyn De La Rosa Cruz', '6', '173', 'Mexicana', 'Medio'),
('355', 'Sanjuana De Jesús Muñoz Murillo', '9', '167', 'Mexicana', 'Delantero'),
('356', 'Liliana Sánchez Magaña', '4', '179', 'Mexicana', 'Medio'),
('357', 'Montserrat Martinez Orozco', '17', '180', 'Mexicana', 'Delantero'),
('358', 'Maricruz Itzayana Gonzalez Aguilar', '12', '165', 'Mexicana', 'Delantero'),
('359', 'Yazmin Araceli Álvarez Ríos', '16', '173', 'Mexicana', 'Medio'),
('360', 'Brenda Noemí Viramontes Ávalos', '24', '167', 'Mexicana', 'Medio'),
('361', 'Claudia Gabriela Anguiano Flores', '2', '182', 'Mexicana', 'Defensa'),
('362', 'María De Los Angeles Martínez López', '1', '166', 'Mexicana', 'Portero'),
('363', 'Paulina Gómez Muñoz', '21', '168', 'Mexicana', 'Medio'),
('364', 'Daniela Calderón García', '14', '173', 'Mexicana', 'Medio'),
('365', 'Itzia Tenahua Sánchez', '20', '184', 'Mexicana', 'Delantero'),
('366', 'Dalia Nailea Vidrio Sahagún', '18', '159', 'Mexicana', 'Delantero'),
('367', 'Brenda Esmeralda Díaz Ojeda', '5', '183', 'Mexicana', 'Medio'),
('368', 'Paulina Adriana Pérez Muñoz', '15', '175', 'Mexicana', 'Delantero'),
('369', 'Sandra Paola Camacho Guerrero', '27', '161', 'Mexicana', 'Defensa'),
('370', 'Valeria Alejandra Meza Cárdenas', '18', '182', 'Mexicana', 'Defensa'),
('371', 'Dulce Maria Alvarado Guerrero', '9', '180', 'Mexicana', 'Medio'),
('372', 'Dayán Vianey Fuentes Pérez', '24', '177', 'Mexicana', NULL),
('373', 'Estefany Elizabeth Hernández Ramírez', '29', '181', 'Mexicana', 'Medio'),
('374', 'Libeth Paulina Castro León', '10', '183', 'Mexicana', 'Medio'),
('375', 'Brianda Escobedo Díaz', '17', '167', 'Mexicana', 'Defensa'),
('376', 'Fanny Lizeth Grano Velasco', '13', '171', 'Mexicana', 'Defensa'),
('377', 'Saira Cecilia López Sánchez', '26', '163', 'Mexicana', 'Defensa'),
('378', 'Doris Olivia Meza Pelayo', '1', '163', 'Mexicana', 'Portero'),
('379', 'Montserrat González Sánchez', '31', '181', 'Mexicana', 'Defensa'),
('380', 'Dariana Rubio Jurado', '25', '172', 'Mexicana', 'Defensa'),
('381', 'Alexandra Martínez Campos', '19', '165', 'Mexicana', 'Defensa'),
('382', 'Samantha Kassandra Calvillo Hernandez', '11', '169', 'Mexicana', 'Delantero'),
('383', 'Andrea Alejandra Balderas Sorchini', '22', '183', 'Mexicana', 'Delantero'),
('384', 'Lucia Muñoz Sánchez', '4', '171', 'Mexicana', 'Defensa'),
('385', 'Andrea Magdalena Villalobos Delgado', '5', '160', 'Mexicana', 'Defensa'),
('386', 'Brenda Janeth Sosa Olivera', '6', '178', 'Mexicana', 'Medio'),
('387', 'Ana Yolanda Jiménez Gutiérrez', '28', '184', 'Mexicana', 'Defensa'),
('388', 'Stephanie Baz Ramírez', '7', '181', 'Mexicana', 'Medio'),
('389', 'Yenifer Magali Rivera Silva', '20', '181', 'Mexicana', 'Medio'),
('390', 'Reyna Sabina Velázquez Mejía', '21', '169', 'Mexicana', 'Defensa'),
('391', 'Sofia Araceli Adame Campos', '23', '179', 'Mexicana', 'Delantero'),
('392', 'Claudia Magdalena Sánchez Rosas', '14', '169', 'Mexicana', 'Delantero'),
('393', 'Itzel González Rodríguez', '23', '180', 'Mexicana', 'Medio'),
('394', 'Yadira Toraya Guerrero', '5', '160', 'Mexicana', 'Medio'),
('395', 'Renae Nicole Cuéllar Cuéllar', '10', '160', 'Mexicana', 'Medio'),
('396', 'Leyla Ali Zapata Grijalva', '6', '172', 'Mexicana', 'Medio'),
('397', 'Karen Elizabeth Hernández Pérez', '30', '160', 'Mexicana', 'Media'),
('398', 'Inglis Yoana Hernández Toledo', '21', '183', 'Mexicana', 'Medio'),
('399', 'Valentina Oviedo Zúñiga', '8', '166', 'Mexicana', 'Medio'),
('400', 'Samantha Arellano Duron', '13', '176', 'Mexicana', 'Portero'),
('401', 'Nancy Zaragoza Zapata', '14', '178', 'Mexicana', 'Delantero'),
('402', 'Victoria López Quiñonez', '27', '170', 'Mexicana', 'Medio'),
('403', 'Jazmin Cristal Aguas Orozco', '12', '179', 'Mexicana', 'Defensa'),
('404', 'Patricia Ameyalli Gutiérrez Velazco', '15', '183', 'Mexicana', 'Medio'),
('405', 'Valeria Abigail Barajas Rivera', '16', '175', 'Mexicana', 'Medio'),
('406', 'Sheila Odeth Pulido Terrazas', '7', '184', 'Mexicana', 'Delantero'),
('407', 'Britany Yaresi Sarahi Hernández Tovar', '2', '173', 'Mexicana', 'Portero'),
('408', 'Nathaly Sofia Martinez Caro', '3', '174', 'Mexicana', 'Defensa'),
('409', 'Karen Miroslava Maprigat Madrigal', '11', '161', 'Mexicana', 'Delantero'),
('410', 'Isabel Cristina Fonseca Camacho', '28', '158', 'Mexicana', 'Delantero'),
('411', 'Rosa Iris Aguiar Morán', '9', '180', 'Mexicana', 'Medio'),
('412', 'Mariana Munguia Haros', '20', '164', 'Mexicana', 'Medio'),
('413', 'María Fernanda Barajas Rosano', '22', '184', 'Mexicana', 'Medio'),
('414', 'Verania Ramírez Araujo', '24', '159', 'Mexicana', 'Medio'),
('415', 'Maria Ximena Santeliz Arvizu', '29', '181', 'Mexicana', 'Defensa'),
('416', 'Guadalupe Leticia Olvera Gandara', '35', '166', 'Mexicana', 'Defensa'),
('417', 'Layla Lucila De La Luz García Moreno', '19', '183', 'Mexicana', 'Defensa');

INSERT INTO `jugadora_temporada` (`idjugadora_temporada`, `id_jugadora_fk`, `id_temporada_fk`, `id_equipo_fk`) VALUES
('1', '1', '1', '3'),
('2', '2', '1', '3'),
('3', '3', '1', '3'),
('4', '4', '1', '3'),
('5', '5', '1', '3'),
('6', '6', '1', '3'),
('7', '7', '1', '3'),
('8', '8', '1', '3'),
('9', '9', '1', '3'),
('10', '10', '1', '3'),
('11', '11', '1', '3'),
('12', '12', '1', '3'),
('13', '13', '1', '3'),
('14', '14', '1', '3'),
('15', '15', '1', '3'),
('16', '16', '1', '3'),
('17', '17', '1', '3'),
('18', '18', '1', '3'),
('19', '19', '1', '4'),
('20', '20', '1', '4'),
('21', '21', '1', '4'),
('22', '22', '1', '4'),
('23', '23', '1', '4'),
('24', '24', '1', '4'),
('25', '25', '1', '4'),
('26', '26', '1', '4'),
('27', '27', '1', '4'),
('28', '28', '1', '4'),
('29', '29', '1', '4'),
('30', '30', '1', '4'),
('31', '31', '1', '4'),
('32', '32', '1', '4'),
('33', '33', '1', '4'),
('34', '34', '1', '4'),
('35', '35', '1', '4'),
('36', '36', '1', '4'),
('37', '37', '1', '4'),
('38', '38', '1', '4'),
('39', '39', '1', '4'),
('40', '40', '1', '4'),
('41', '41', '1', '10'),
('42', '42', '1', '10'),
('43', '43', '1', '10'),
('44', '44', '1', '10'),
('45', '45', '1', '10'),
('46', '46', '1', '10'),
('47', '47', '1', '10'),
('48', '48', '1', '10'),
('49', '49', '1', '10'),
('50', '50', '1', '10'),
('51', '51', '1', '10'),
('52', '52', '1', '10'),
('53', '53', '1', '10'),
('54', '54', '1', '10'),
('55', '55', '1', '10'),
('56', '56', '1', '10'),
('57', '57', '1', '10'),
('58', '58', '1', '10'),
('59', '59', '1', '10'),
('60', '60', '1', '10'),
('61', '61', '1', '10'),
('62', '62', '1', '10'),
('63', '63', '1', '10'),
('64', '64', '1', '10'),
('65', '65', '1', '7'),
('66', '66', '1', '7'),
('67', '67', '1', '7'),
('68', '68', '1', '7'),
('69', '69', '1', '7'),
('70', '70', '1', '7'),
('71', '71', '1', '7'),
('72', '72', '1', '7'),
('73', '73', '1', '7'),
('74', '74', '1', '7'),
('75', '75', '1', '7'),
('76', '76', '1', '7'),
('77', '77', '1', '7'),
('78', '78', '1', '7'),
('79', '79', '1', '7'),
('80', '80', '1', '7'),
('81', '81', '1', '7'),
('82', '82', '1', '7'),
('83', '83', '1', '7'),
('84', '84', '1', '7'),
('85', '85', '1', '7'),
('86', '86', '1', '7'),
('87', '87', '1', '7'),
('88', '88', '1', '7'),
('89', '89', '1', '7'),
('90', '90', '1', '7'),
('91', '91', '1', '7'),
('92', '92', '1', '1'),
('93', '93', '1', '1'),
('94', '94', '1', '1'),
('95', '95', '1', '1'),
('96', '96', '1', '1'),
('97', '97', '1', '1'),
('98', '98', '1', '1'),
('99', '99', '1', '1'),
('100', '100', '1', '1'),
('101', '101', '1', '1'),
('102', '102', '1', '1'),
('103', '103', '1', '1'),
('104', '104', '1', '1'),
('105', '105', '1', '1'),
('106', '106', '1', '1'),
('107', '107', '1', '1'),
('108', '108', '1', '1'),
('109', '109', '1', '1'),
('110', '110', '1', '1'),
('111', '111', '1', '1'),
('112', '112', '1', '1'),
('113', '113', '1', '1'),
('114', '114', '1', '1'),
('115', '115', '1', '2'),
('116', '116', '1', '2'),
('117', '117', '1', '2'),
('118', '118', '1', '2'),
('119', '119', '1', '2'),
('120', '120', '1', '2'),
('121', '121', '1', '2'),
('122', '122', '1', '2'),
('123', '123', '1', '2'),
('124', '124', '1', '2'),
('125', '125', '1', '2'),
('126', '126', '1', '2'),
('127', '127', '1', '2'),
('128', '128', '1', '2'),
('129', '129', '1', '2'),
('130', '130', '1', '2'),
('131', '131', '1', '2'),
('132', '132', '1', '2'),
('133', '133', '1', '2'),
('134', '134', '1', '2'),
('135', '135', '1', '2'),
('136', '136', '1', '2'),
('137', '137', '1', '2'),
('138', '138', '1', '2'),
('139', '139', '1', '2'),
('140', '140', '1', '6'),
('141', '141', '1', '6'),
('142', '142', '1', '6'),
('143', '143', '1', '6'),
('144', '144', '1', '6'),
('145', '145', '1', '6'),
('146', '146', '1', '6'),
('147', '147', '1', '6'),
('148', '148', '1', '6'),
('149', '149', '1', '6'),
('150', '150', '1', '6'),
('151', '151', '1', '6'),
('152', '152', '1', '6'),
('153', '153', '1', '6'),
('154', '154', '1', '6'),
('155', '155', '1', '6'),
('156', '156', '1', '6'),
('157', '157', '1', '6'),
('158', '158', '1', '6'),
('159', '159', '1', '6'),
('160', '160', '1', '6'),
('161', '161', '1', '6'),
('162', '162', '1', '6'),
('163', '163', '1', '13'),
('164', '164', '1', '13'),
('165', '165', '1', '13'),
('166', '166', '1', '13'),
('167', '167', '1', '13'),
('168', '168', '1', '13'),
('169', '169', '1', '13'),
('170', '170', '1', '13'),
('171', '171', '1', '13'),
('172', '172', '1', '13'),
('173', '173', '1', '13'),
('174', '174', '1', '13'),
('175', '175', '1', '13'),
('176', '176', '1', '13'),
('177', '177', '1', '13'),
('178', '178', '1', '13'),
('179', '179', '1', '13'),
('180', '180', '1', '13'),
('181', '181', '1', '13'),
('182', '182', '1', '13'),
('183', '183', '1', '13'),
('184', '184', '1', '13'),
('185', '185', '1', '13'),
('186', '186', '1', '13'),
('187', '187', '1', '13'),
('188', '188', '1', '5'),
('189', '189', '1', '5'),
('190', '190', '1', '5'),
('191', '191', '1', '5'),
('192', '192', '1', '5'),
('193', '193', '1', '5'),
('194', '194', '1', '5'),
('195', '195', '1', '5'),
('196', '196', '1', '5'),
('197', '197', '1', '5'),
('198', '198', '1', '5'),
('199', '199', '1', '5'),
('200', '200', '1', '5'),
('201', '201', '1', '5'),
('202', '202', '1', '5'),
('203', '203', '1', '5'),
('204', '204', '1', '5'),
('205', '205', '1', '5'),
('206', '206', '1', '5'),
('207', '207', '1', '5'),
('208', '208', '1', '5'),
('209', '209', '1', '5'),
('210', '210', '1', '5'),
('211', '211', '1', '11'),
('212', '212', '1', '11'),
('213', '213', '1', '11'),
('214', '214', '1', '11'),
('215', '215', '1', '11'),
('216', '216', '1', '11'),
('217', '217', '1', '11'),
('218', '218', '1', '11'),
('219', '219', '1', '11'),
('220', '220', '1', '11'),
('221', '221', '1', '11'),
('222', '222', '1', '11'),
('223', '223', '1', '11'),
('224', '224', '1', '11'),
('225', '225', '1', '11'),
('226', '226', '1', '11'),
('227', '227', '1', '11'),
('228', '228', '1', '11'),
('229', '229', '1', '11'),
('230', '230', '1', '11'),
('231', '231', '1', '11'),
('232', '232', '1', '11'),
('233', '233', '1', '11'),
('234', '234', '1', '11'),
('235', '235', '1', '11'),
('236', '236', '1', '11'),
('237', '237', '1', '16'),
('238', '238', '1', '16'),
('239', '239', '1', '16'),
('240', '240', '1', '16'),
('241', '241', '1', '16'),
('242', '242', '1', '16'),
('243', '243', '1', '16'),
('244', '244', '1', '16'),
('245', '245', '1', '16'),
('246', '246', '1', '16'),
('247', '247', '1', '16'),
('248', '248', '1', '16'),
('249', '249', '1', '16'),
('250', '250', '1', '16'),
('251', '251', '1', '16'),
('252', '252', '1', '16'),
('253', '253', '1', '16'),
('254', '254', '1', '16'),
('255', '255', '1', '16'),
('256', '256', '1', '16'),
('257', '257', '1', '16'),
('258', '258', '1', '16'),
('259', '259', '1', '18'),
('260', '260', '1', '18'),
('261', '261', '1', '18'),
('262', '262', '1', '18'),
('263', '263', '1', '18'),
('264', '264', '1', '18'),
('265', '265', '1', '18'),
('266', '266', '1', '18'),
('267', '267', '1', '18'),
('268', '268', '1', '18'),
('269', '269', '1', '18'),
('270', '270', '1', '18'),
('271', '271', '1', '18'),
('272', '272', '1', '18'),
('273', '273', '1', '18'),
('274', '274', '1', '18'),
('275', '275', '1', '18'),
('276', '276', '1', '18'),
('277', '277', '1', '18'),
('278', '278', '1', '15'),
('279', '279', '1', '15'),
('280', '280', '1', '15'),
('281', '281', '1', '15'),
('282', '282', '1', '15'),
('283', '283', '1', '15'),
('284', '284', '1', '15'),
('285', '285', '1', '15'),
('286', '286', '1', '15'),
('287', '287', '1', '15'),
('288', '288', '1', '15'),
('289', '289', '1', '15'),
('290', '290', '1', '15'),
('291', '291', '1', '15'),
('292', '292', '1', '15'),
('293', '293', '1', '15'),
('294', '294', '1', '15'),
('295', '295', '1', '15'),
('296', '296', '1', '15'),
('297', '297', '1', '15'),
('298', '298', '1', '15'),
('299', '299', '1', '15'),
('300', '300', '1', '17'),
('301', '301', '1', '17'),
('302', '302', '1', '17'),
('303', '303', '1', '17'),
('304', '304', '1', '17'),
('305', '305', '1', '17'),
('306', '306', '1', '17'),
('307', '307', '1', '17'),
('308', '308', '1', '17'),
('309', '309', '1', '17'),
('310', '310', '1', '17'),
('311', '311', '1', '17'),
('312', '312', '1', '17'),
('313', '313', '1', '17'),
('314', '314', '1', '17'),
('315', '315', '1', '17'),
('316', '316', '1', '17'),
('317', '317', '1', '17'),
('318', '318', '1', '17'),
('319', '319', '1', '17'),
('320', '320', '1', '17'),
('321', '321', '1', '17'),
('322', '322', '1', '17'),
('323', '323', '1', '17'),
('324', '324', '1', '17'),
('325', '325', '1', '8'),
('326', '326', '1', '8'),
('327', '327', '1', '8'),
('328', '328', '1', '8'),
('329', '329', '1', '8'),
('330', '330', '1', '8'),
('331', '331', '1', '8'),
('332', '332', '1', '8'),
('333', '333', '1', '8'),
('334', '334', '1', '8'),
('335', '335', '1', '8'),
('336', '336', '1', '8'),
('337', '337', '1', '8'),
('338', '338', '1', '8'),
('339', '339', '1', '8'),
('340', '340', '1', '8'),
('341', '341', '1', '8'),
('342', '342', '1', '8'),
('343', '343', '1', '8'),
('344', '344', '1', '8'),
('345', '345', '1', '8'),
('346', '346', '1', '8'),
('347', '347', '1', '8'),
('348', '348', '1', '8'),
('349', '349', '1', '12'),
('350', '350', '1', '12'),
('351', '351', '1', '12'),
('352', '352', '1', '12'),
('353', '353', '1', '12'),
('354', '354', '1', '12'),
('355', '355', '1', '12'),
('356', '356', '1', '12'),
('357', '357', '1', '12'),
('358', '358', '1', '12'),
('359', '359', '1', '12'),
('360', '360', '1', '12'),
('361', '361', '1', '12'),
('362', '362', '1', '12'),
('363', '363', '1', '12'),
('364', '364', '1', '12'),
('365', '365', '1', '12'),
('366', '366', '1', '12'),
('367', '367', '1', '12'),
('368', '368', '1', '12'),
('369', '369', '1', '12'),
('370', '370', '1', '14'),
('371', '371', '1', '14'),
('372', '372', '1', '14'),
('373', '373', '1', '14'),
('374', '374', '1', '14'),
('375', '375', '1', '14'),
('376', '376', '1', '14'),
('377', '377', '1', '14'),
('378', '378', '1', '14'),
('379', '379', '1', '14'),
('380', '380', '1', '14'),
('381', '381', '1', '14'),
('382', '382', '1', '14'),
('383', '383', '1', '14'),
('384', '384', '1', '14'),
('385', '385', '1', '14'),
('386', '386', '1', '14'),
('387', '387', '1', '14'),
('388', '388', '1', '14'),
('389', '389', '1', '14'),
('390', '390', '1', '14'),
('391', '391', '1', '14'),
('392', '392', '1', '14'),
('393', '393', '1', '9'),
('394', '394', '1', '9'),
('395', '395', '1', '9'),
('396', '396', '1', '9'),
('397', '397', '1', '9'),
('398', '398', '1', '9'),
('399', '399', '1', '9'),
('400', '400', '1', '9'),
('401', '401', '1', '9'),
('402', '402', '1', '9'),
('403', '403', '1', '9'),
('404', '404', '1', '9'),
('405', '405', '1', '9'),
('406', '406', '1', '9'),
('407', '407', '1', '9'),
('408', '408', '1', '9'),
('409', '409', '1', '9'),
('410', '410', '1', '9'),
('411', '411', '1', '9'),
('412', '412', '1', '9'),
('413', '413', '1', '9'),
('414', '414', '1', '9'),
('415', '415', '1', '9'),
('416', '416', '1', '9'),
('417', '417', '1', '9');

INSERT INTO `lista_medios` (`idlista_medios`, `id_medio_fk`, `id_equipo_fk`) VALUES
('1', '1', '1'),
('2', '2', '2'),
('3', '1', '3'),
('4', '2', '4'),
('5', '1', '5'),
('6', '1', '6'),
('7', '8', '7'),
('8', '1', '8'),
('9', '2', '9'),
('10', '3', '10'),
('11', '4', '11'),
('12', '2', '12'),
('13', '3', '13'),
('14', '7', '14'),
('15', '2', '15'),
('16', '3', '16'),
('17', '1', '17'),
('18', '6', '18');

INSERT INTO `medio` (`idmedio`, `nombre`, `id_tipomedio_fk`) VALUES
('1', 'TUDN', '1'),
('2', 'FOX', '1'),
('3', 'TVC', '1'),
('4', 'Azteca Digital', '2'),
('5', 'TVC', '1'),
('6', 'ESPN', '1'),
('7', 'Claro', '1'),
('8', 'Chivas TV', '2');

INSERT INTO `partido` (`idpartido`, `id_temporada_fk`, `jornada`, `id_equipo_local`, `id_equipo_visita`, `hora`, `id_arbitrousuario_fk`, `espectadores`, `goles_local`, `goles_visita`) VALUES
('1', '1', '1', '17', '7', '18:00:00', '19', '0', '0', '4'),
('2', '1', '1', '8', '1', '16:00:00', '20', '0', '0', '2'),
('3', '1', '1', '10', '11', '10:00:00', '21', '0', '4', '1'),
('4', '1', '1', '4', '16', '10:30:00', '22', '0', '3', '2'),
('5', '1', '1', '18', '13', '17:00:00', '23', '0', '1', '0'),
('6', '1', '1', '5', '3', '16:00:00', '24', '0', '1', '2'),
('7', '1', '1', '2', '14', '17:00:00', '25', '0', '2', '0'),
('8', '1', '1', '9', '12', '19:00:00', '26', '0', '0', '3'),
('9', '1', '1', '6', '15', '00:00:00', '27', '0', '0', '1'),
('10', '1', '2', '8', '10', '16:00:00', '1', '0', '4', '1'),
('11', '1', '2', '13', '17', '17:00:00', '2', '0', '1', '1'),
('12', '1', '2', '11', '3', '10:00:00', '3', '0', '1', '4'),
('13', '1', '2', '6', '5', '12:00:00', '19', '0', '0', '0'),
('14', '1', '2', '7', '14', '10:00:00', '18', '0', '2', '0'),
('15', '1', '2', '16', '9', '12:00:00', '20', '0', '1', '0'),
('16', '1', '2', '1', '18', '16:00:00', '21', '0', '3', '2'),
('17', '1', '2', '12', '2', '17:00:00', '22', '0', '1', '2'),
('18', '1', '2', '15', '4', '21:00:00', '23', '0', '1', '3'),
('19', '1', '3', '18', '16', '17:00:00', '24', '0', '3', '1'),
('20', '1', '3', '5', '7', '16:00:00', '25', '0', '1', '4'),
('21', '1', '3', '14', '11', '16:00:00', '26', '0', '0', '1'),
('22', '1', '3', '10', '13', '10:00:00', '19', '0', '3', '3'),
('23', '1', '3', '3', '15', '09:30:00', '20', '0', '4', '1'),
('24', '1', '3', '17', '6', '18:00:00', '21', '0', '0', '3'),
('25', '1', '3', '2', '8', '17:00:00', '22', '0', '0', '0'),
('26', '1', '3', '4', '12', '19:00:00', '23', '0', '4', '1'),
('27', '1', '3', '9', '1', '19:00:00', '24', '0', '1', '2');

INSERT INTO `pos_tabla_general` (`id_pos`, `id_equipo_fk`, `goles_favor`, `goles_contra`, `puntos`) VALUES
('1', '1', '2', '1', '9'),
('2', '2', '0', '0', '7'),
('3', '3', '4', '1', '9'),
('4', '4', '4', '1', '9'),
('5', '5', '1', '4', '1'),
('6', '6', '3', '0', '4'),
('7', '7', '4', '1', '9'),
('8', '8', '0', '0', '4'),
('9', '9', '1', '2', '0'),
('10', '10', '3', '3', '4'),
('11', '11', '1', '0', '3'),
('12', '12', '1', '4', '3'),
('13', '13', '3', '3', '2'),
('14', '14', '0', '1', '0'),
('15', '15', '1', '4', '3'),
('16', '16', '1', '3', '3'),
('17', '17', '0', '3', '1'),
('18', '18', '3', '1', '6');

INSERT INTO `red_social` (`idred_social`, `id_equipo_fk`, `id_tipodered_fk`, `url`) VALUES
('1', '1', '1', 'https://www.facebook.com/CFAmerica'),
('2', '2', '1', 'https://www.facebook.com/CFPAchuca'),
('3', '3', '1', 'https://www.facebook.com/tigresFc'),
('4', '4', '1', 'https://www.facebook.com/monterreyFc'),
('5', '6', '1', 'https://www.facebook.com/Pumas-UNAM'),
('6', '1', '2', 'https://www.instagram.com/CFAmerica');

INSERT INTO `television` (`idtelevision`, `id_medio_fk`, `canal`, `privado`) VALUES
('1', '1', '101', '1\0'),
('2', '2', '201', '1\0'),
('3', '3', '301', '1\0'),
('4', '4', '401', '1\0'),
('5', '5', '501', '1\0'),
('6', '6', '601', '1\0'),
('7', '7', '701', '1\0'),
('8', '8', '801', '1\0');

INSERT INTO `temporada` (`idtemporada`, `nombre`, `fecha_inicio`, `fecha_fin`) VALUES
('1', ' GUARD1ANES 2020', '2020-08-13', '2020-12-15');

INSERT INTO `tienda` (`idtienda`, `id_equipo_fk`, `id_direccion_fk`) VALUES
('1', '1', '1'),
('2', '1', '2'),
('3', '2', '2'),
('4', '5', '5'),
('5', '6', '6'),
('7', '6', '7');

INSERT INTO `tipo_articulo` (`idtipo_articulo`, `nombre`) VALUES
('1', 'playera'),
('2', 'llavero'),
('3', 'bufanda'),
('4', 'bandera'),
('5', 'mochila');

INSERT INTO `tipo_medio` (`idtipo_medio`, `nombre`) VALUES
('1', 'tradicional'),
('2', 'digital');

INSERT INTO `tipo_red` (`idtipo_red`, `nombre`, `url`) VALUES
('1', 'Facebook', 'https://www.facebook.com/'),
('2', 'Instagram', 'https://www.instagram.com/'),
('3', 'Twitter', 'https://twitter.com/');

INSERT INTO `tipo_usuario` (`id_tipousuario`, `tipo`) VALUES
('1', 'Entrenador'),
('2', 'Arbitro');

INSERT INTO `usuario` (`idusuario`, `nombre`, `apellido_paterno`, `apellido_materno`, `fecha_nacimiento`, `id_tipousuario_fk`) VALUES
('1', 'Ferne ', 'Esparza', 'Herrara', NULL, '1'),
('2', 'Kathy ', 'Arroyo', 'Gonzáles', NULL, '1'),
('3', 'Leticia ', 'Rosale', 'Rosale', NULL, '1'),
('4', 'Jorgie ', 'Hernandez', 'Morales', NULL, '1'),
('5', 'Solomon ', 'Case', 'Arroyo', NULL, '1'),
('6', 'Lilia', 'Rosale', 'Hernandez', NULL, '1'),
('7', 'Inigo ', 'Morales', 'Gutierrez', NULL, '1'),
('8', 'Karolina ', 'Arroyo', 'Araujo', NULL, '1'),
('9', 'Eleri ', 'Hernandez', 'Gonzáles', NULL, '1'),
('10', 'Olly ', 'Gonzáles', 'Arroyo', NULL, '1'),
('11', 'Farrell', 'Arroyo', 'Herrara', NULL, '1'),
('12', 'Vernon', 'Pacheco', 'Esparza', NULL, '1'),
('13', 'Sannah ', 'Gutierrez', 'Morales', NULL, '1'),
('14', 'Aleksander ', 'Morales', 'Delgado', NULL, '1'),
('15', 'Andrei', 'Arriaga', 'Gonzáles', NULL, '1'),
('16', 'Tegan ', 'Piñera', 'Morales', NULL, '1'),
('17', 'Arun ', 'Esparza', 'Rosale', NULL, '1'),
('18', 'Tillie ', 'Araujo', 'Arroyo', NULL, '1'),
('19', 'Dawn ', 'Pacheco', 'Pacheco', NULL, '2'),
('20', 'Sumaiya ', 'Sánchez', 'Gonzáles', NULL, '2'),
('21', 'Inigo ', 'Gonzáles', 'Morales', NULL, '2'),
('22', 'Karolina ', 'Arroyo', 'Arroyo', NULL, '2'),
('23', 'Ferne ', 'Delgado', 'Hernandez', NULL, '2'),
('24', 'Kathy ', 'Gonzáles', 'Gonzáles', NULL, '2'),
('25', 'Lilia', 'Morales', 'Morales', NULL, '2'),
('26', 'Inigo ', 'Arroyo', 'Rosale', NULL, '2'),
('27', 'Andrei', 'Hernandez', 'Case', NULL, '2');

CREATE ALGORITHM=UNDEFINED DEFINER=`root`@`localhost` SQL SECURITY DEFINER VIEW `detalles_equipos` AS select `equipo`.`nombre` AS `Nombre`,`estadio`.`nombre` AS `Estadio`,`ciudad`.`nombre` AS `Ciudad`,`estado`.`nombre` AS `Estado`,concat(`usuario`.`nombre`,' ',`usuario`.`apellido_paterno`) AS `Entrenador`,`medio`.`nombre` AS `Canal` from (((((((`equipo` join `estadio` on((`equipo`.`id_estadio_fk` = `estadio`.`idestado`))) join `direccion` on((`equipo`.`id_direccion_fk` = `direccion`.`iddireccion`))) join `ciudad` on((`direccion`.`id_ciudad_fk` = `ciudad`.`idciudad`))) join `estado` on((`ciudad`.`id_estado_fk` = `estado`.`idestado`))) join `lista_medios` on((`lista_medios`.`id_equipo_fk` = `equipo`.`idequipo`))) join `medio` on((`medio`.`idmedio` = `lista_medios`.`id_medio_fk`))) join `usuario` on((`usuario`.`idusuario` = `equipo`.`id_entrenadorpersona_fk`)));
CREATE ALGORITHM=UNDEFINED DEFINER=`root`@`localhost` SQL SECURITY DEFINER VIEW `lista_medio` AS select `medio`.`nombre` AS `Medio`,`equipo`.`nombre` AS `Equipo`,`television`.`canal` AS `Canal` from (((`medio` join `lista_medios` on((`lista_medios`.`id_medio_fk` = `medio`.`idmedio`))) join `equipo` on((`lista_medios`.`id_equipo_fk` = `equipo`.`idequipo`))) join `television` on((`television`.`id_medio_fk` = `medio`.`idmedio`))) order by `medio`.`nombre`;
CREATE ALGORITHM=UNDEFINED DEFINER=`root`@`localhost` SQL SECURITY DEFINER VIEW `lista_partido` AS select `partido`.`jornada` AS `Jornada`,`partido`.`hora` AS `Hora`,`equipoNombre`(`partido`.`id_equipo_local`) AS `Equipo_Local`,`equipoNombre`(`partido`.`id_equipo_visita`) AS `Equipo_Visita`,`partido`.`goles_local` AS `Goles_l`,`partido`.`goles_visita` AS `Goles_v`,concat(`usuario`.`nombre`,' ',`usuario`.`apellido_paterno`) AS `Arbitro`,`medio`.`nombre` AS `Canal` from (((`partido` join `lista_medios` on((`lista_medios`.`id_equipo_fk` = `partido`.`id_equipo_local`))) join `medio` on((`lista_medios`.`id_medio_fk` = `medio`.`idmedio`))) join `usuario` on((`usuario`.`idusuario` = `partido`.`id_arbitrousuario_fk`))) order by `partido`.`jornada`;
CREATE ALGORITHM=UNDEFINED DEFINER=`root`@`localhost` SQL SECURITY DEFINER VIEW `lista_tiendas_articulos` AS select `equipo`.`nombre` AS `Equipo`,`tienda`.`idtienda` AS `ID_Tienda`,`tipo_articulo`.`nombre` AS `Articulo`,`articulo`.`cantidad` AS `Cantidad` from (((`equipo` join `tienda` on((`tienda`.`id_equipo_fk` = `equipo`.`idequipo`))) join `articulo` on((`articulo`.`id_tienda_fk` = `tienda`.`idtienda`))) join `tipo_articulo` on((`tipo_articulo`.`idtipo_articulo` = `articulo`.`id_tipodearticulo_fk`))) order by `equipo`.`nombre`;
CREATE ALGORITHM=UNDEFINED DEFINER=`root`@`localhost` SQL SECURITY DEFINER VIEW `plantilla_equipos` AS select `equipo`.`nombre` AS `Equipo`,`jugadora`.`numero` AS `Número`,`jugadora`.`nombre` AS `Jugadora`,`jugadora`.`posicion` AS `Posicion` from ((`jugadora_temporada` join `jugadora` on((`jugadora_temporada`.`id_jugadora_fk` = `jugadora`.`idjugadora`))) join `equipo` on((`equipo`.`idequipo` = `jugadora_temporada`.`id_equipo_fk`)));
CREATE ALGORITHM=UNDEFINED DEFINER=`root`@`localhost` SQL SECURITY DEFINER VIEW `vista_tabla_general` AS select `equipo`.`nombre` AS `Equipo`,`pos_tabla_general`.`goles_favor` AS `Goles`,`pos_tabla_general`.`goles_contra` AS `Goles_Contra`,`pos_tabla_general`.`puntos` AS `Puntos` from (`equipo` join `pos_tabla_general` on((`pos_tabla_general`.`id_equipo_fk` = `equipo`.`idequipo`))) order by `pos_tabla_general`.`puntos` desc;


/*!40101 SET SQL_MODE=@OLD_SQL_MODE */;
/*!40014 SET FOREIGN_KEY_CHECKS=@OLD_FOREIGN_KEY_CHECKS */;
/*!40014 SET UNIQUE_CHECKS=@OLD_UNIQUE_CHECKS */;
/*!40101 SET CHARACTER_SET_CLIENT=@OLD_CHARACTER_SET_CLIENT */;
/*!40101 SET CHARACTER_SET_RESULTS=@OLD_CHARACTER_SET_RESULTS */;
/*!40101 SET COLLATION_CONNECTION=@OLD_COLLATION_CONNECTION */;
/*!40111 SET SQL_NOTES=@OLD_SQL_NOTES */;
